--
-- PostgreSQL database dump
--

-- Dumped from database version 16.1
-- Dumped by pg_dump version 16.1

SET statement_timeout = 0;
SET lock_timeout = 0;
SET idle_in_transaction_session_timeout = 0;
SET client_encoding = 'UTF8';
SET standard_conforming_strings = on;
SELECT pg_catalog.set_config('search_path', '', false);
SET check_function_bodies = false;
SET xmloption = content;
SET client_min_messages = warning;
SET row_security = off;

SET default_tablespace = '';

SET default_table_access_method = heap;

--
-- Name: auth_group; Type: TABLE; Schema: public; Owner: postgres
--

CREATE TABLE public.auth_group (
    id integer NOT NULL,
    name character varying(150) NOT NULL
);


ALTER TABLE public.auth_group OWNER TO postgres;

--
-- Name: auth_group_id_seq; Type: SEQUENCE; Schema: public; Owner: postgres
--

ALTER TABLE public.auth_group ALTER COLUMN id ADD GENERATED BY DEFAULT AS IDENTITY (
    SEQUENCE NAME public.auth_group_id_seq
    START WITH 1
    INCREMENT BY 1
    NO MINVALUE
    NO MAXVALUE
    CACHE 1
);


--
-- Name: auth_group_permissions; Type: TABLE; Schema: public; Owner: postgres
--

CREATE TABLE public.auth_group_permissions (
    id bigint NOT NULL,
    group_id integer NOT NULL,
    permission_id integer NOT NULL
);


ALTER TABLE public.auth_group_permissions OWNER TO postgres;

--
-- Name: auth_group_permissions_id_seq; Type: SEQUENCE; Schema: public; Owner: postgres
--

ALTER TABLE public.auth_group_permissions ALTER COLUMN id ADD GENERATED BY DEFAULT AS IDENTITY (
    SEQUENCE NAME public.auth_group_permissions_id_seq
    START WITH 1
    INCREMENT BY 1
    NO MINVALUE
    NO MAXVALUE
    CACHE 1
);


--
-- Name: auth_permission; Type: TABLE; Schema: public; Owner: postgres
--

CREATE TABLE public.auth_permission (
    id integer NOT NULL,
    name character varying(255) NOT NULL,
    content_type_id integer NOT NULL,
    codename character varying(100) NOT NULL
);


ALTER TABLE public.auth_permission OWNER TO postgres;

--
-- Name: auth_permission_id_seq; Type: SEQUENCE; Schema: public; Owner: postgres
--

ALTER TABLE public.auth_permission ALTER COLUMN id ADD GENERATED BY DEFAULT AS IDENTITY (
    SEQUENCE NAME public.auth_permission_id_seq
    START WITH 1
    INCREMENT BY 1
    NO MINVALUE
    NO MAXVALUE
    CACHE 1
);


--
-- Name: auth_user; Type: TABLE; Schema: public; Owner: postgres
--

CREATE TABLE public.auth_user (
    id integer NOT NULL,
    password character varying(128) NOT NULL,
    last_login timestamp with time zone,
    is_superuser boolean NOT NULL,
    username character varying(150) NOT NULL,
    first_name character varying(150) NOT NULL,
    last_name character varying(150) NOT NULL,
    email character varying(254) NOT NULL,
    is_staff boolean NOT NULL,
    is_active boolean NOT NULL,
    date_joined timestamp with time zone NOT NULL
);


ALTER TABLE public.auth_user OWNER TO postgres;

--
-- Name: auth_user_groups; Type: TABLE; Schema: public; Owner: postgres
--

CREATE TABLE public.auth_user_groups (
    id bigint NOT NULL,
    user_id integer NOT NULL,
    group_id integer NOT NULL
);


ALTER TABLE public.auth_user_groups OWNER TO postgres;

--
-- Name: auth_user_groups_id_seq; Type: SEQUENCE; Schema: public; Owner: postgres
--

ALTER TABLE public.auth_user_groups ALTER COLUMN id ADD GENERATED BY DEFAULT AS IDENTITY (
    SEQUENCE NAME public.auth_user_groups_id_seq
    START WITH 1
    INCREMENT BY 1
    NO MINVALUE
    NO MAXVALUE
    CACHE 1
);


--
-- Name: auth_user_id_seq; Type: SEQUENCE; Schema: public; Owner: postgres
--

ALTER TABLE public.auth_user ALTER COLUMN id ADD GENERATED BY DEFAULT AS IDENTITY (
    SEQUENCE NAME public.auth_user_id_seq
    START WITH 1
    INCREMENT BY 1
    NO MINVALUE
    NO MAXVALUE
    CACHE 1
);


--
-- Name: auth_user_user_permissions; Type: TABLE; Schema: public; Owner: postgres
--

CREATE TABLE public.auth_user_user_permissions (
    id bigint NOT NULL,
    user_id integer NOT NULL,
    permission_id integer NOT NULL
);


ALTER TABLE public.auth_user_user_permissions OWNER TO postgres;

--
-- Name: auth_user_user_permissions_id_seq; Type: SEQUENCE; Schema: public; Owner: postgres
--

ALTER TABLE public.auth_user_user_permissions ALTER COLUMN id ADD GENERATED BY DEFAULT AS IDENTITY (
    SEQUENCE NAME public.auth_user_user_permissions_id_seq
    START WITH 1
    INCREMENT BY 1
    NO MINVALUE
    NO MAXVALUE
    CACHE 1
);


--
-- Name: django_admin_log; Type: TABLE; Schema: public; Owner: postgres
--

CREATE TABLE public.django_admin_log (
    id integer NOT NULL,
    action_time timestamp with time zone NOT NULL,
    object_id text,
    object_repr character varying(200) NOT NULL,
    action_flag smallint NOT NULL,
    change_message text NOT NULL,
    content_type_id integer,
    user_id integer NOT NULL,
    CONSTRAINT django_admin_log_action_flag_check CHECK ((action_flag >= 0))
);


ALTER TABLE public.django_admin_log OWNER TO postgres;

--
-- Name: django_admin_log_id_seq; Type: SEQUENCE; Schema: public; Owner: postgres
--

ALTER TABLE public.django_admin_log ALTER COLUMN id ADD GENERATED BY DEFAULT AS IDENTITY (
    SEQUENCE NAME public.django_admin_log_id_seq
    START WITH 1
    INCREMENT BY 1
    NO MINVALUE
    NO MAXVALUE
    CACHE 1
);


--
-- Name: django_content_type; Type: TABLE; Schema: public; Owner: postgres
--

CREATE TABLE public.django_content_type (
    id integer NOT NULL,
    app_label character varying(100) NOT NULL,
    model character varying(100) NOT NULL
);


ALTER TABLE public.django_content_type OWNER TO postgres;

--
-- Name: django_content_type_id_seq; Type: SEQUENCE; Schema: public; Owner: postgres
--

ALTER TABLE public.django_content_type ALTER COLUMN id ADD GENERATED BY DEFAULT AS IDENTITY (
    SEQUENCE NAME public.django_content_type_id_seq
    START WITH 1
    INCREMENT BY 1
    NO MINVALUE
    NO MAXVALUE
    CACHE 1
);


--
-- Name: django_migrations; Type: TABLE; Schema: public; Owner: postgres
--

CREATE TABLE public.django_migrations (
    id bigint NOT NULL,
    app character varying(255) NOT NULL,
    name character varying(255) NOT NULL,
    applied timestamp with time zone NOT NULL
);


ALTER TABLE public.django_migrations OWNER TO postgres;

--
-- Name: django_migrations_id_seq; Type: SEQUENCE; Schema: public; Owner: postgres
--

ALTER TABLE public.django_migrations ALTER COLUMN id ADD GENERATED BY DEFAULT AS IDENTITY (
    SEQUENCE NAME public.django_migrations_id_seq
    START WITH 1
    INCREMENT BY 1
    NO MINVALUE
    NO MAXVALUE
    CACHE 1
);


--
-- Name: django_session; Type: TABLE; Schema: public; Owner: postgres
--

CREATE TABLE public.django_session (
    session_key character varying(40) NOT NULL,
    session_data text NOT NULL,
    expire_date timestamp with time zone NOT NULL
);


ALTER TABLE public.django_session OWNER TO postgres;

--
-- Name: tasks_task; Type: TABLE; Schema: public; Owner: postgres
--

CREATE TABLE public.tasks_task (
    title character varying(250) NOT NULL,
    description text NOT NULL,
    due_date date NOT NULL,
    priority character varying(10) NOT NULL,
    is_complete boolean NOT NULL,
    created_at timestamp with time zone NOT NULL,
    updated_at timestamp with time zone NOT NULL,
    id uuid NOT NULL,
    slug character varying(1000) NOT NULL,
    user_id integer NOT NULL
);


ALTER TABLE public.tasks_task OWNER TO postgres;

--
-- Name: tasks_taskimage; Type: TABLE; Schema: public; Owner: postgres
--

CREATE TABLE public.tasks_taskimage (
    id uuid NOT NULL,
    image character varying(100) NOT NULL,
    task_id uuid NOT NULL
);


ALTER TABLE public.tasks_taskimage OWNER TO postgres;

--
-- Data for Name: auth_group; Type: TABLE DATA; Schema: public; Owner: postgres
--



--
-- Data for Name: auth_group_permissions; Type: TABLE DATA; Schema: public; Owner: postgres
--



--
-- Data for Name: auth_permission; Type: TABLE DATA; Schema: public; Owner: postgres
--

INSERT INTO public.auth_permission VALUES (1, 'Can add log entry', 1, 'add_logentry');
INSERT INTO public.auth_permission VALUES (2, 'Can change log entry', 1, 'change_logentry');
INSERT INTO public.auth_permission VALUES (3, 'Can delete log entry', 1, 'delete_logentry');
INSERT INTO public.auth_permission VALUES (4, 'Can view log entry', 1, 'view_logentry');
INSERT INTO public.auth_permission VALUES (5, 'Can add permission', 2, 'add_permission');
INSERT INTO public.auth_permission VALUES (6, 'Can change permission', 2, 'change_permission');
INSERT INTO public.auth_permission VALUES (7, 'Can delete permission', 2, 'delete_permission');
INSERT INTO public.auth_permission VALUES (8, 'Can view permission', 2, 'view_permission');
INSERT INTO public.auth_permission VALUES (9, 'Can add group', 3, 'add_group');
INSERT INTO public.auth_permission VALUES (10, 'Can change group', 3, 'change_group');
INSERT INTO public.auth_permission VALUES (11, 'Can delete group', 3, 'delete_group');
INSERT INTO public.auth_permission VALUES (12, 'Can view group', 3, 'view_group');
INSERT INTO public.auth_permission VALUES (13, 'Can add user', 4, 'add_user');
INSERT INTO public.auth_permission VALUES (14, 'Can change user', 4, 'change_user');
INSERT INTO public.auth_permission VALUES (15, 'Can delete user', 4, 'delete_user');
INSERT INTO public.auth_permission VALUES (16, 'Can view user', 4, 'view_user');
INSERT INTO public.auth_permission VALUES (17, 'Can add content type', 5, 'add_contenttype');
INSERT INTO public.auth_permission VALUES (18, 'Can change content type', 5, 'change_contenttype');
INSERT INTO public.auth_permission VALUES (19, 'Can delete content type', 5, 'delete_contenttype');
INSERT INTO public.auth_permission VALUES (20, 'Can view content type', 5, 'view_contenttype');
INSERT INTO public.auth_permission VALUES (21, 'Can add session', 6, 'add_session');
INSERT INTO public.auth_permission VALUES (22, 'Can change session', 6, 'change_session');
INSERT INTO public.auth_permission VALUES (23, 'Can delete session', 6, 'delete_session');
INSERT INTO public.auth_permission VALUES (24, 'Can view session', 6, 'view_session');
INSERT INTO public.auth_permission VALUES (25, 'Can add task', 7, 'add_task');
INSERT INTO public.auth_permission VALUES (26, 'Can change task', 7, 'change_task');
INSERT INTO public.auth_permission VALUES (27, 'Can delete task', 7, 'delete_task');
INSERT INTO public.auth_permission VALUES (28, 'Can view task', 7, 'view_task');
INSERT INTO public.auth_permission VALUES (29, 'Can add task image', 8, 'add_taskimage');
INSERT INTO public.auth_permission VALUES (30, 'Can change task image', 8, 'change_taskimage');
INSERT INTO public.auth_permission VALUES (31, 'Can delete task image', 8, 'delete_taskimage');
INSERT INTO public.auth_permission VALUES (32, 'Can view task image', 8, 'view_taskimage');


--
-- Data for Name: auth_user; Type: TABLE DATA; Schema: public; Owner: postgres
--

INSERT INTO public.auth_user VALUES (1, 'pbkdf2_sha256$720000$tFCetCobuVQAvTfjQiM462$GN9vhKhs4ak5ggYOAdrZXlHwyNC/VwMfuxBabqbQDeY=', '2024-01-27 15:05:44.720618+06', true, 'admin', '', '', '', true, true, '2024-01-26 20:30:08.309405+06');
INSERT INTO public.auth_user VALUES (6, 'pbkdf2_sha256$720000$SjQ6p8n7IeaFpbvJOglNVf$MYWUnclgsfkSsBx7cXfHMgc1RmHp8A5JU6fGAA7pxko=', NULL, false, 'user1', '', '', '', false, true, '2024-01-27 15:13:31+06');
INSERT INTO public.auth_user VALUES (7, 'pbkdf2_sha256$720000$Nbw99RysTzqnbLD7CSZxd8$8K3/V1oDlAyG6hW//4Rz1wzMqBGWQy7hOl6gaf2VYxE=', NULL, false, 'user2', '', '', '', false, true, '2024-01-27 15:14:05+06');
INSERT INTO public.auth_user VALUES (8, 'pbkdf2_sha256$720000$pUk1fSjsyL2czTTdclr6ag$cYNL9y34yho4yhkdmIYokWMLRr8FNzPMSCiHORPZNkg=', NULL, false, 'user3', '', '', '', false, true, '2024-01-27 15:14:16+06');


--
-- Data for Name: auth_user_groups; Type: TABLE DATA; Schema: public; Owner: postgres
--



--
-- Data for Name: auth_user_user_permissions; Type: TABLE DATA; Schema: public; Owner: postgres
--



--
-- Data for Name: django_admin_log; Type: TABLE DATA; Schema: public; Owner: postgres
--

INSERT INTO public.django_admin_log VALUES (1, '2024-01-26 21:10:24.957153+06', '0f46bad0-fddd-4e51-825f-7c47892f34d8', 'Task object (0f46bad0-fddd-4e51-825f-7c47892f34d8)', 2, '[{"changed": {"fields": ["Is complete"]}}]', 7, 1);
INSERT INTO public.django_admin_log VALUES (2, '2024-01-27 15:05:55.633624+06', '4', 'admin11', 3, '', 4, 1);
INSERT INTO public.django_admin_log VALUES (3, '2024-01-27 15:05:55.638607+06', '3', 'admin22', 3, '', 4, 1);
INSERT INTO public.django_admin_log VALUES (4, '2024-01-27 15:05:55.639654+06', '2', 'admin33', 3, '', 4, 1);
INSERT INTO public.django_admin_log VALUES (5, '2024-01-27 15:05:55.641596+06', '5', 'admin77', 3, '', 4, 1);
INSERT INTO public.django_admin_log VALUES (6, '2024-01-27 15:06:01.810708+06', 'f1d1c751-b78a-4a0c-bf2e-a9fbd8d111dc', 'TaskImage object (f1d1c751-b78a-4a0c-bf2e-a9fbd8d111dc)', 3, '', 8, 1);
INSERT INTO public.django_admin_log VALUES (7, '2024-01-27 15:06:01.814165+06', '80cf3961-fe91-4c6c-9747-267df6693cb4', 'TaskImage object (80cf3961-fe91-4c6c-9747-267df6693cb4)', 3, '', 8, 1);
INSERT INTO public.django_admin_log VALUES (8, '2024-01-27 15:06:01.815126+06', '6b2a589a-660a-48e1-9316-12c56de6c271', 'TaskImage object (6b2a589a-660a-48e1-9316-12c56de6c271)', 3, '', 8, 1);
INSERT INTO public.django_admin_log VALUES (9, '2024-01-27 15:06:08.14632+06', '7e1a9638-9366-4ae3-82e3-6ced27fea400', 'fgds', 3, '', 7, 1);
INSERT INTO public.django_admin_log VALUES (10, '2024-01-27 15:06:08.15156+06', '0f46bad0-fddd-4e51-825f-7c47892f34d8', 'fgds', 3, '', 7, 1);
INSERT INTO public.django_admin_log VALUES (11, '2024-01-27 15:06:08.153123+06', '389d1b5b-c67b-4dc0-94a7-ba6bbdb8a430', 'dsds', 3, '', 7, 1);
INSERT INTO public.django_admin_log VALUES (12, '2024-01-27 15:13:32.015663+06', '6', 'user1', 1, '[{"added": {}}]', 4, 1);
INSERT INTO public.django_admin_log VALUES (13, '2024-01-27 15:13:36.351186+06', '6', 'user1', 2, '[]', 4, 1);
INSERT INTO public.django_admin_log VALUES (14, '2024-01-27 15:14:05.730834+06', '7', 'user2', 1, '[{"added": {}}]', 4, 1);
INSERT INTO public.django_admin_log VALUES (15, '2024-01-27 15:14:09.449482+06', '7', 'user2', 2, '[]', 4, 1);
INSERT INTO public.django_admin_log VALUES (16, '2024-01-27 15:14:17.299531+06', '8', 'user3', 1, '[{"added": {}}]', 4, 1);
INSERT INTO public.django_admin_log VALUES (17, '2024-01-27 15:14:22.05485+06', '8', 'user3', 2, '[]', 4, 1);
INSERT INTO public.django_admin_log VALUES (18, '2024-01-27 15:30:49.329035+06', '8b27ebb1-77a1-42b8-a723-9c699c76fb17', 'Task: Implement User Authentication and Authorization System', 1, '[{"added": {}}]', 7, 1);
INSERT INTO public.django_admin_log VALUES (19, '2024-01-27 15:30:57.943245+06', '8b27ebb1-77a1-42b8-a723-9c699c76fb17', 'Implement User Authentication and Authorization System', 2, '[{"changed": {"fields": ["Title"]}}]', 7, 1);
INSERT INTO public.django_admin_log VALUES (20, '2024-01-27 15:31:07.049708+06', '29dc5c89-7fb5-43c5-b94e-25f24c05501c', 'TaskImage object (29dc5c89-7fb5-43c5-b94e-25f24c05501c)', 1, '[{"added": {}}]', 8, 1);
INSERT INTO public.django_admin_log VALUES (21, '2024-01-27 15:33:21.541641+06', '578fc793-36fc-44e2-8fab-dd80c9a115d6', 'Bug Fix: Resolve Data Synchronization Issue', 1, '[{"added": {}}]', 7, 1);
INSERT INTO public.django_admin_log VALUES (22, '2024-01-27 15:33:33.910455+06', 'cd2c81e9-bce1-41ae-875b-14290f72e856', 'TaskImage object (cd2c81e9-bce1-41ae-875b-14290f72e856)', 1, '[{"added": {}}]', 8, 1);
INSERT INTO public.django_admin_log VALUES (23, '2024-01-27 15:33:51.352027+06', 'dca77ca8-8e2c-436b-b4bf-37628439d79e', 'TaskImage object (dca77ca8-8e2c-436b-b4bf-37628439d79e)', 1, '[{"added": {}}]', 8, 1);
INSERT INTO public.django_admin_log VALUES (24, '2024-01-27 15:35:14.05033+06', '913265e7-bbb0-49b8-89e0-e7a786d46c1b', 'Implement Two-Factor Authentication', 1, '[{"added": {}}]', 7, 1);
INSERT INTO public.django_admin_log VALUES (25, '2024-01-27 15:35:31.5983+06', '67546e92-fd92-4896-821d-106bd2151e30', 'TaskImage object (67546e92-fd92-4896-821d-106bd2151e30)', 1, '[{"added": {}}]', 8, 1);


--
-- Data for Name: django_content_type; Type: TABLE DATA; Schema: public; Owner: postgres
--

INSERT INTO public.django_content_type VALUES (1, 'admin', 'logentry');
INSERT INTO public.django_content_type VALUES (2, 'auth', 'permission');
INSERT INTO public.django_content_type VALUES (3, 'auth', 'group');
INSERT INTO public.django_content_type VALUES (4, 'auth', 'user');
INSERT INTO public.django_content_type VALUES (5, 'contenttypes', 'contenttype');
INSERT INTO public.django_content_type VALUES (6, 'sessions', 'session');
INSERT INTO public.django_content_type VALUES (7, 'tasks', 'task');
INSERT INTO public.django_content_type VALUES (8, 'tasks', 'taskimage');


--
-- Data for Name: django_migrations; Type: TABLE DATA; Schema: public; Owner: postgres
--

INSERT INTO public.django_migrations VALUES (1, 'contenttypes', '0001_initial', '2024-01-26 20:29:52.270382+06');
INSERT INTO public.django_migrations VALUES (2, 'auth', '0001_initial', '2024-01-26 20:29:52.348922+06');
INSERT INTO public.django_migrations VALUES (3, 'admin', '0001_initial', '2024-01-26 20:29:52.380169+06');
INSERT INTO public.django_migrations VALUES (4, 'admin', '0002_logentry_remove_auto_add', '2024-01-26 20:29:52.380169+06');
INSERT INTO public.django_migrations VALUES (5, 'admin', '0003_logentry_add_action_flag_choices', '2024-01-26 20:29:52.380169+06');
INSERT INTO public.django_migrations VALUES (6, 'contenttypes', '0002_remove_content_type_name', '2024-01-26 20:29:52.395792+06');
INSERT INTO public.django_migrations VALUES (7, 'auth', '0002_alter_permission_name_max_length', '2024-01-26 20:29:52.395792+06');
INSERT INTO public.django_migrations VALUES (8, 'auth', '0003_alter_user_email_max_length', '2024-01-26 20:29:52.411416+06');
INSERT INTO public.django_migrations VALUES (9, 'auth', '0004_alter_user_username_opts', '2024-01-26 20:29:52.411416+06');
INSERT INTO public.django_migrations VALUES (10, 'auth', '0005_alter_user_last_login_null', '2024-01-26 20:29:52.427544+06');
INSERT INTO public.django_migrations VALUES (11, 'auth', '0006_require_contenttypes_0002', '2024-01-26 20:29:52.427544+06');
INSERT INTO public.django_migrations VALUES (12, 'auth', '0007_alter_validators_add_error_messages', '2024-01-26 20:29:52.427544+06');
INSERT INTO public.django_migrations VALUES (13, 'auth', '0008_alter_user_username_max_length', '2024-01-26 20:29:52.443048+06');
INSERT INTO public.django_migrations VALUES (14, 'auth', '0009_alter_user_last_name_max_length', '2024-01-26 20:29:52.443048+06');
INSERT INTO public.django_migrations VALUES (15, 'auth', '0010_alter_group_name_max_length', '2024-01-26 20:29:52.443048+06');
INSERT INTO public.django_migrations VALUES (16, 'auth', '0011_update_proxy_permissions', '2024-01-26 20:29:52.458674+06');
INSERT INTO public.django_migrations VALUES (17, 'auth', '0012_alter_user_first_name_max_length', '2024-01-26 20:29:52.458674+06');
INSERT INTO public.django_migrations VALUES (18, 'sessions', '0001_initial', '2024-01-26 20:29:52.474314+06');
INSERT INTO public.django_migrations VALUES (19, 'tasks', '0001_initial', '2024-01-26 20:29:52.50555+06');


--
-- Data for Name: django_session; Type: TABLE DATA; Schema: public; Owner: postgres
--

INSERT INTO public.django_session VALUES ('llgdn65gtzki6kqf6ssjvm3x240w0j7m', '.eJxVjDsOwjAQBe_iGlmJP7s2JT1nsHb9wQHkSHFSIe4OkVJA-2bmvUSgba1h63kJUxJnMYrT78YUH7ntIN2p3WYZ57YuE8tdkQft8jqn_Lwc7t9BpV6_9UAOCGBkXQyzQm9M4RIhknKg0BhEb4sCZGbtGXAg0JizdaSRyYr3B9tkN7A:1rTVYe:wKTX6KVe7EbIOTUtf8IklYohGP2NNNOzdsZcuR8Ps-E', '2024-02-10 05:24:24.333482+06');
INSERT INTO public.django_session VALUES ('drlys595kerpnow4xi2od878zsryb6v4', '.eJxVjDsOwjAQBe_iGlmJP7s2JT1nsHb9wQHkSHFSIe4OkVJA-2bmvUSgba1h63kJUxJnMYrT78YUH7ntIN2p3WYZ57YuE8tdkQft8jqn_Lwc7t9BpV6_9UAOCGBkXQyzQm9M4RIhknKg0BhEb4sCZGbtGXAg0JizdaSRyYr3B9tkN7A:1rTedE:FbjDGB4WeP-YUVVjgZI4IX7R816qVb0HWjOiEY7ElmU', '2024-02-10 15:05:44.72837+06');


--
-- Data for Name: tasks_task; Type: TABLE DATA; Schema: public; Owner: postgres
--

INSERT INTO public.tasks_task VALUES ('Implement Two-Factor Authentication', 'Strengthen the application''s security by integrating two-factor authentication (2FA) for user accounts. Implement a robust and user-friendly 2FA mechanism, considering options such as OTP, authentication apps, or other industry-standard approaches. Conduct thorough testing to ensure the security measures are effective.', '2024-01-27', 'high', true, '2024-01-27 15:35:14.048849+06', '2024-01-27 15:35:14.048849+06', '913265e7-bbb0-49b8-89e0-e7a786d46c1b', 'implement-two-factor-authentication', 8);
INSERT INTO public.tasks_task VALUES ('Implement User Authentication and Authorization System', 'Enhance the ERP app by implementing a robust user authentication and authorization system. The goal is to ensure secure access to the application and its features, allowing only authorized users to perform specific actions.', '2024-02-14', 'high', false, '2024-01-27 15:30:49.326997+06', '2024-01-27 15:37:56.960771+06', '8b27ebb1-77a1-42b8-a723-9c699c76fb17', 'implement-user-authentication-and-authorization-system', 1);
INSERT INTO public.tasks_task VALUES ('Bug Fix: Resolve Data Synchronization Issue', 'Investigate and address an identified issue with data synchronization between the server and client applications. Debug and resolve inconsistencies in data retrieval and updating mechanisms to ensure real-time accuracy and eliminate discrepancies in the system.', '2024-01-31', 'medium', false, '2024-01-27 15:33:21.540064+06', '2024-01-27 15:38:40.786095+06', '578fc793-36fc-44e2-8fab-dd80c9a115d6', 'bug-fix-resolve-data-synchronization-issue', 1);


--
-- Data for Name: tasks_taskimage; Type: TABLE DATA; Schema: public; Owner: postgres
--

INSERT INTO public.tasks_taskimage VALUES ('29dc5c89-7fb5-43c5-b94e-25f24c05501c', 'task_image/task_1.jpg', '8b27ebb1-77a1-42b8-a723-9c699c76fb17');
INSERT INTO public.tasks_taskimage VALUES ('cd2c81e9-bce1-41ae-875b-14290f72e856', 'task_image/task_2.gif', '578fc793-36fc-44e2-8fab-dd80c9a115d6');
INSERT INTO public.tasks_taskimage VALUES ('dca77ca8-8e2c-436b-b4bf-37628439d79e', 'task_image/task_3.gif', '8b27ebb1-77a1-42b8-a723-9c699c76fb17');
INSERT INTO public.tasks_taskimage VALUES ('67546e92-fd92-4896-821d-106bd2151e30', 'task_image/task4.png', '913265e7-bbb0-49b8-89e0-e7a786d46c1b');


--
-- Name: auth_group_id_seq; Type: SEQUENCE SET; Schema: public; Owner: postgres
--

SELECT pg_catalog.setval('public.auth_group_id_seq', 1, false);


--
-- Name: auth_group_permissions_id_seq; Type: SEQUENCE SET; Schema: public; Owner: postgres
--

SELECT pg_catalog.setval('public.auth_group_permissions_id_seq', 1, false);


--
-- Name: auth_permission_id_seq; Type: SEQUENCE SET; Schema: public; Owner: postgres
--

SELECT pg_catalog.setval('public.auth_permission_id_seq', 32, true);


--
-- Name: auth_user_groups_id_seq; Type: SEQUENCE SET; Schema: public; Owner: postgres
--

SELECT pg_catalog.setval('public.auth_user_groups_id_seq', 1, false);


--
-- Name: auth_user_id_seq; Type: SEQUENCE SET; Schema: public; Owner: postgres
--

SELECT pg_catalog.setval('public.auth_user_id_seq', 8, true);


--
-- Name: auth_user_user_permissions_id_seq; Type: SEQUENCE SET; Schema: public; Owner: postgres
--

SELECT pg_catalog.setval('public.auth_user_user_permissions_id_seq', 1, false);


--
-- Name: django_admin_log_id_seq; Type: SEQUENCE SET; Schema: public; Owner: postgres
--

SELECT pg_catalog.setval('public.django_admin_log_id_seq', 25, true);


--
-- Name: django_content_type_id_seq; Type: SEQUENCE SET; Schema: public; Owner: postgres
--

SELECT pg_catalog.setval('public.django_content_type_id_seq', 8, true);


--
-- Name: django_migrations_id_seq; Type: SEQUENCE SET; Schema: public; Owner: postgres
--

SELECT pg_catalog.setval('public.django_migrations_id_seq', 19, true);


--
-- Name: auth_group auth_group_name_key; Type: CONSTRAINT; Schema: public; Owner: postgres
--

ALTER TABLE ONLY public.auth_group
    ADD CONSTRAINT auth_group_name_key UNIQUE (name);


--
-- Name: auth_group_permissions auth_group_permissions_group_id_permission_id_0cd325b0_uniq; Type: CONSTRAINT; Schema: public; Owner: postgres
--

ALTER TABLE ONLY public.auth_group_permissions
    ADD CONSTRAINT auth_group_permissions_group_id_permission_id_0cd325b0_uniq UNIQUE (group_id, permission_id);


--
-- Name: auth_group_permissions auth_group_permissions_pkey; Type: CONSTRAINT; Schema: public; Owner: postgres
--

ALTER TABLE ONLY public.auth_group_permissions
    ADD CONSTRAINT auth_group_permissions_pkey PRIMARY KEY (id);


--
-- Name: auth_group auth_group_pkey; Type: CONSTRAINT; Schema: public; Owner: postgres
--

ALTER TABLE ONLY public.auth_group
    ADD CONSTRAINT auth_group_pkey PRIMARY KEY (id);


--
-- Name: auth_permission auth_permission_content_type_id_codename_01ab375a_uniq; Type: CONSTRAINT; Schema: public; Owner: postgres
--

ALTER TABLE ONLY public.auth_permission
    ADD CONSTRAINT auth_permission_content_type_id_codename_01ab375a_uniq UNIQUE (content_type_id, codename);


--
-- Name: auth_permission auth_permission_pkey; Type: CONSTRAINT; Schema: public; Owner: postgres
--

ALTER TABLE ONLY public.auth_permission
    ADD CONSTRAINT auth_permission_pkey PRIMARY KEY (id);


--
-- Name: auth_user_groups auth_user_groups_pkey; Type: CONSTRAINT; Schema: public; Owner: postgres
--

ALTER TABLE ONLY public.auth_user_groups
    ADD CONSTRAINT auth_user_groups_pkey PRIMARY KEY (id);


--
-- Name: auth_user_groups auth_user_groups_user_id_group_id_94350c0c_uniq; Type: CONSTRAINT; Schema: public; Owner: postgres
--

ALTER TABLE ONLY public.auth_user_groups
    ADD CONSTRAINT auth_user_groups_user_id_group_id_94350c0c_uniq UNIQUE (user_id, group_id);


--
-- Name: auth_user auth_user_pkey; Type: CONSTRAINT; Schema: public; Owner: postgres
--

ALTER TABLE ONLY public.auth_user
    ADD CONSTRAINT auth_user_pkey PRIMARY KEY (id);


--
-- Name: auth_user_user_permissions auth_user_user_permissions_pkey; Type: CONSTRAINT; Schema: public; Owner: postgres
--

ALTER TABLE ONLY public.auth_user_user_permissions
    ADD CONSTRAINT auth_user_user_permissions_pkey PRIMARY KEY (id);


--
-- Name: auth_user_user_permissions auth_user_user_permissions_user_id_permission_id_14a6b632_uniq; Type: CONSTRAINT; Schema: public; Owner: postgres
--

ALTER TABLE ONLY public.auth_user_user_permissions
    ADD CONSTRAINT auth_user_user_permissions_user_id_permission_id_14a6b632_uniq UNIQUE (user_id, permission_id);


--
-- Name: auth_user auth_user_username_key; Type: CONSTRAINT; Schema: public; Owner: postgres
--

ALTER TABLE ONLY public.auth_user
    ADD CONSTRAINT auth_user_username_key UNIQUE (username);


--
-- Name: django_admin_log django_admin_log_pkey; Type: CONSTRAINT; Schema: public; Owner: postgres
--

ALTER TABLE ONLY public.django_admin_log
    ADD CONSTRAINT django_admin_log_pkey PRIMARY KEY (id);


--
-- Name: django_content_type django_content_type_app_label_model_76bd3d3b_uniq; Type: CONSTRAINT; Schema: public; Owner: postgres
--

ALTER TABLE ONLY public.django_content_type
    ADD CONSTRAINT django_content_type_app_label_model_76bd3d3b_uniq UNIQUE (app_label, model);


--
-- Name: django_content_type django_content_type_pkey; Type: CONSTRAINT; Schema: public; Owner: postgres
--

ALTER TABLE ONLY public.django_content_type
    ADD CONSTRAINT django_content_type_pkey PRIMARY KEY (id);


--
-- Name: django_migrations django_migrations_pkey; Type: CONSTRAINT; Schema: public; Owner: postgres
--

ALTER TABLE ONLY public.django_migrations
    ADD CONSTRAINT django_migrations_pkey PRIMARY KEY (id);


--
-- Name: django_session django_session_pkey; Type: CONSTRAINT; Schema: public; Owner: postgres
--

ALTER TABLE ONLY public.django_session
    ADD CONSTRAINT django_session_pkey PRIMARY KEY (session_key);


--
-- Name: tasks_task tasks_task_pkey; Type: CONSTRAINT; Schema: public; Owner: postgres
--

ALTER TABLE ONLY public.tasks_task
    ADD CONSTRAINT tasks_task_pkey PRIMARY KEY (id);


--
-- Name: tasks_taskimage tasks_taskimage_pkey; Type: CONSTRAINT; Schema: public; Owner: postgres
--

ALTER TABLE ONLY public.tasks_taskimage
    ADD CONSTRAINT tasks_taskimage_pkey PRIMARY KEY (id);


--
-- Name: auth_group_name_a6ea08ec_like; Type: INDEX; Schema: public; Owner: postgres
--

CREATE INDEX auth_group_name_a6ea08ec_like ON public.auth_group USING btree (name varchar_pattern_ops);


--
-- Name: auth_group_permissions_group_id_b120cbf9; Type: INDEX; Schema: public; Owner: postgres
--

CREATE INDEX auth_group_permissions_group_id_b120cbf9 ON public.auth_group_permissions USING btree (group_id);


--
-- Name: auth_group_permissions_permission_id_84c5c92e; Type: INDEX; Schema: public; Owner: postgres
--

CREATE INDEX auth_group_permissions_permission_id_84c5c92e ON public.auth_group_permissions USING btree (permission_id);


--
-- Name: auth_permission_content_type_id_2f476e4b; Type: INDEX; Schema: public; Owner: postgres
--

CREATE INDEX auth_permission_content_type_id_2f476e4b ON public.auth_permission USING btree (content_type_id);


--
-- Name: auth_user_groups_group_id_97559544; Type: INDEX; Schema: public; Owner: postgres
--

CREATE INDEX auth_user_groups_group_id_97559544 ON public.auth_user_groups USING btree (group_id);


--
-- Name: auth_user_groups_user_id_6a12ed8b; Type: INDEX; Schema: public; Owner: postgres
--

CREATE INDEX auth_user_groups_user_id_6a12ed8b ON public.auth_user_groups USING btree (user_id);


--
-- Name: auth_user_user_permissions_permission_id_1fbb5f2c; Type: INDEX; Schema: public; Owner: postgres
--

CREATE INDEX auth_user_user_permissions_permission_id_1fbb5f2c ON public.auth_user_user_permissions USING btree (permission_id);


--
-- Name: auth_user_user_permissions_user_id_a95ead1b; Type: INDEX; Schema: public; Owner: postgres
--

CREATE INDEX auth_user_user_permissions_user_id_a95ead1b ON public.auth_user_user_permissions USING btree (user_id);


--
-- Name: auth_user_username_6821ab7c_like; Type: INDEX; Schema: public; Owner: postgres
--

CREATE INDEX auth_user_username_6821ab7c_like ON public.auth_user USING btree (username varchar_pattern_ops);


--
-- Name: django_admin_log_content_type_id_c4bce8eb; Type: INDEX; Schema: public; Owner: postgres
--

CREATE INDEX django_admin_log_content_type_id_c4bce8eb ON public.django_admin_log USING btree (content_type_id);


--
-- Name: django_admin_log_user_id_c564eba6; Type: INDEX; Schema: public; Owner: postgres
--

CREATE INDEX django_admin_log_user_id_c564eba6 ON public.django_admin_log USING btree (user_id);


--
-- Name: django_session_expire_date_a5c62663; Type: INDEX; Schema: public; Owner: postgres
--

CREATE INDEX django_session_expire_date_a5c62663 ON public.django_session USING btree (expire_date);


--
-- Name: django_session_session_key_c0390e0f_like; Type: INDEX; Schema: public; Owner: postgres
--

CREATE INDEX django_session_session_key_c0390e0f_like ON public.django_session USING btree (session_key varchar_pattern_ops);


--
-- Name: tasks_task_slug_e3abf117; Type: INDEX; Schema: public; Owner: postgres
--

CREATE INDEX tasks_task_slug_e3abf117 ON public.tasks_task USING btree (slug);


--
-- Name: tasks_task_slug_e3abf117_like; Type: INDEX; Schema: public; Owner: postgres
--

CREATE INDEX tasks_task_slug_e3abf117_like ON public.tasks_task USING btree (slug varchar_pattern_ops);


--
-- Name: tasks_task_user_id_f0e531b0; Type: INDEX; Schema: public; Owner: postgres
--

CREATE INDEX tasks_task_user_id_f0e531b0 ON public.tasks_task USING btree (user_id);


--
-- Name: tasks_taskimage_task_id_effb519c; Type: INDEX; Schema: public; Owner: postgres
--

CREATE INDEX tasks_taskimage_task_id_effb519c ON public.tasks_taskimage USING btree (task_id);


--
-- Name: auth_group_permissions auth_group_permissio_permission_id_84c5c92e_fk_auth_perm; Type: FK CONSTRAINT; Schema: public; Owner: postgres
--

ALTER TABLE ONLY public.auth_group_permissions
    ADD CONSTRAINT auth_group_permissio_permission_id_84c5c92e_fk_auth_perm FOREIGN KEY (permission_id) REFERENCES public.auth_permission(id) DEFERRABLE INITIALLY DEFERRED;


--
-- Name: auth_group_permissions auth_group_permissions_group_id_b120cbf9_fk_auth_group_id; Type: FK CONSTRAINT; Schema: public; Owner: postgres
--

ALTER TABLE ONLY public.auth_group_permissions
    ADD CONSTRAINT auth_group_permissions_group_id_b120cbf9_fk_auth_group_id FOREIGN KEY (group_id) REFERENCES public.auth_group(id) DEFERRABLE INITIALLY DEFERRED;


--
-- Name: auth_permission auth_permission_content_type_id_2f476e4b_fk_django_co; Type: FK CONSTRAINT; Schema: public; Owner: postgres
--

ALTER TABLE ONLY public.auth_permission
    ADD CONSTRAINT auth_permission_content_type_id_2f476e4b_fk_django_co FOREIGN KEY (content_type_id) REFERENCES public.django_content_type(id) DEFERRABLE INITIALLY DEFERRED;


--
-- Name: auth_user_groups auth_user_groups_group_id_97559544_fk_auth_group_id; Type: FK CONSTRAINT; Schema: public; Owner: postgres
--

ALTER TABLE ONLY public.auth_user_groups
    ADD CONSTRAINT auth_user_groups_group_id_97559544_fk_auth_group_id FOREIGN KEY (group_id) REFERENCES public.auth_group(id) DEFERRABLE INITIALLY DEFERRED;


--
-- Name: auth_user_groups auth_user_groups_user_id_6a12ed8b_fk_auth_user_id; Type: FK CONSTRAINT; Schema: public; Owner: postgres
--

ALTER TABLE ONLY public.auth_user_groups
    ADD CONSTRAINT auth_user_groups_user_id_6a12ed8b_fk_auth_user_id FOREIGN KEY (user_id) REFERENCES public.auth_user(id) DEFERRABLE INITIALLY DEFERRED;


--
-- Name: auth_user_user_permissions auth_user_user_permi_permission_id_1fbb5f2c_fk_auth_perm; Type: FK CONSTRAINT; Schema: public; Owner: postgres
--

ALTER TABLE ONLY public.auth_user_user_permissions
    ADD CONSTRAINT auth_user_user_permi_permission_id_1fbb5f2c_fk_auth_perm FOREIGN KEY (permission_id) REFERENCES public.auth_permission(id) DEFERRABLE INITIALLY DEFERRED;


--
-- Name: auth_user_user_permissions auth_user_user_permissions_user_id_a95ead1b_fk_auth_user_id; Type: FK CONSTRAINT; Schema: public; Owner: postgres
--

ALTER TABLE ONLY public.auth_user_user_permissions
    ADD CONSTRAINT auth_user_user_permissions_user_id_a95ead1b_fk_auth_user_id FOREIGN KEY (user_id) REFERENCES public.auth_user(id) DEFERRABLE INITIALLY DEFERRED;


--
-- Name: django_admin_log django_admin_log_content_type_id_c4bce8eb_fk_django_co; Type: FK CONSTRAINT; Schema: public; Owner: postgres
--

ALTER TABLE ONLY public.django_admin_log
    ADD CONSTRAINT django_admin_log_content_type_id_c4bce8eb_fk_django_co FOREIGN KEY (content_type_id) REFERENCES public.django_content_type(id) DEFERRABLE INITIALLY DEFERRED;


--
-- Name: django_admin_log django_admin_log_user_id_c564eba6_fk_auth_user_id; Type: FK CONSTRAINT; Schema: public; Owner: postgres
--

ALTER TABLE ONLY public.django_admin_log
    ADD CONSTRAINT django_admin_log_user_id_c564eba6_fk_auth_user_id FOREIGN KEY (user_id) REFERENCES public.auth_user(id) DEFERRABLE INITIALLY DEFERRED;


--
-- Name: tasks_task tasks_task_user_id_f0e531b0_fk_auth_user_id; Type: FK CONSTRAINT; Schema: public; Owner: postgres
--

ALTER TABLE ONLY public.tasks_task
    ADD CONSTRAINT tasks_task_user_id_f0e531b0_fk_auth_user_id FOREIGN KEY (user_id) REFERENCES public.auth_user(id) DEFERRABLE INITIALLY DEFERRED;


--
-- Name: tasks_taskimage tasks_taskimage_task_id_effb519c_fk_tasks_task_id; Type: FK CONSTRAINT; Schema: public; Owner: postgres
--

ALTER TABLE ONLY public.tasks_taskimage
    ADD CONSTRAINT tasks_taskimage_task_id_effb519c_fk_tasks_task_id FOREIGN KEY (task_id) REFERENCES public.tasks_task(id) DEFERRABLE INITIALLY DEFERRED;


--
-- PostgreSQL database dump complete
--

